date	hour	sends	cards	senders	bursts	burst_sends
2026-08-01	0	5	5	5	0	0
2026-08-01	1	5	4	3	0	0
2026-08-01	2	13	9	9	0	0
2026-08-01	3	14	11	12	0	0
2026-08-01	4	38	21	19	1	8
2026-08-01	5	42	23	27	0	0
2026-08-01	6	63	36	40	0	0
2026-08-01	7	53	32	34	1	5
2026-08-01	8	51	32	34	1	6
2026-08-01	9	24	20	23	0	0
2026-08-01	10	19	15	16	0	0
2026-08-01	11	31	21	23	0	0
2026-08-01	12	34	19	15	1	7
2026-08-01	13	15	9	9	0	0
2026-08-01	14	25	16	16	0	0
2026-08-01	15	24	21	13	0	0
2026-08-01	16	17	12	12	0	0
2026-08-01	17	14	12	11	0	0
2026-08-01	18	15	13	14	0	0
2026-08-01	19	20	13	15	0	0
2026-08-01	20	15	11	9	0	0
2026-08-01	21	19	11	11	0	0
2026-08-01	22	21	13	14	0	0
2026-08-01	23	14	12	11	0	0
2026-08-02	0	13	9	6	0	0
2026-08-02	1	31	19	12	0	0
2026-08-02	2	5	4	5	0	0
2026-08-02	3	14	11	11	0	0
2026-08-02	4	34	24	27	0	0
2026-08-02	5	29	20	22	0	0
2026-08-02	6	68	34	33	3	22
2026-08-02	7	40	26	31	0	0
2026-08-02	8	51	28	32	1	8
2026-08-02	9	26	19	19	0	0
2026-08-02	10	30	22	24	0	0
2026-08-02	11	36	22	25	1	5
2026-08-02	12	18	13	14	0	0
2026-08-02	13	21	12	13	1	7
2026-08-02	14	16	14	13	0	0
2026-08-02	15	22	16	15	0	0
2026-08-02	16	25	20	21	0	0
2026-08-02	17	19	16	13	0	0
2026-08-02	18	16	12	12	0	0
2026-08-02	19	24	11	10	1	7
2026-08-02	20	17	14	15	0	0
2026-08-02	21	16	12	10	0	0
2026-08-02	22	9	7	7	0	0
2026-08-02	23	6	3	4	0	0
2026-08-03	0	7	6	6	0	0
2026-08-03	1	7	6	6	0	0
2026-08-03	2	11	9	7	0	0
2026-08-03	3	27	11	11	1	11
2026-08-03	4	28	19	22	1	5
2026-08-03	5	51	24	31	2	12
2026-08-03	6	42	30	36	0	0
2026-08-03	7	26	24	22	0	0
2026-08-03	8	48	28	30	0	0
2026-08-03	9	26	20	23	0	0
2026-08-03	10	27	20	20	0	0
2026-08-03	11	21	13	16	0	0
2026-08-03	12	16	11	12	0	0
2026-08-03	13	17	13	13	0	0
2026-08-03	14	25	16	17	0	0
2026-08-03	15	20	15	15	0	0
2026-08-03	16	17	14	15	0	0
2026-08-03	17	15	12	15	0	0
2026-08-03	18	14	9	10	0	0
2026-08-03	19	7	6	5	0	0
2026-08-03	20	12	10	9	0	0
2026-08-03	21	6	5	6	0	0
2026-08-03	22	10	8	9	0	0
2026-08-03	23	14	12	11	0	0
2026-08-04	0	30	13	16	0	0
2026-08-04	1	21	14	14	0	0
2026-08-04	2	20	11	11	0	0
2026-08-04	3	12	10	9	0	0
2026-08-04	4	47	24	23	1	5
2026-08-04	5	46	26	33	0	0
2026-08-04	6	49	26	32	2	10
2026-08-04	7	37	27	29	0	0
2026-08-04	8	34	24	26	0	0
2026-08-04	9	27	17	20	0	0
2026-08-04	10	14	13	13	0	0
2026-08-04	11	17	11	12	0	0
2026-08-04	12	20	10	16	0	0
2026-08-04	13	13	12	12	0	0
2026-08-04	14	20	16	16	0	0
2026-08-04	15	11	8	10	0	0
2026-08-04	16	15	14	15	0	0
2026-08-04	17	44	21	20	1	13
2026-08-04	18	18	12	13	0	0
2026-08-04	19	12	9	10	0	0
2026-08-04	20	8	6	8	0	0
2026-08-04	21	11	8	7	0	0
2026-08-04	22	10	10	7	0	0
2026-08-04	23	18	11	12	0	0
2026-08-05	0	9	7	8	0	0
2026-08-05	1	6	6	6	0	0
2026-08-05	2	13	11	10	0	0
2026-08-05	3	19	11	12	0	0
2026-08-05	4	15	9	13	0	0
2026-08-05	5	40	24	31	0	0
2026-08-05	6	72	33	40	1	17
2026-08-05	7	24	15	16	1	5
2026-08-05	8	23	16	19	0	0
2026-08-05	9	43	30	26	0	0
2026-08-05	10	33	27	18	0	0
2026-08-05	11	16	12	13	0	0
2026-08-05	12	10	7	9	0	0
2026-08-05	13	13	11	10	0	0
2026-08-05	14	18	14	16	0	0
2026-08-05	15	25	12	14	0	0
2026-08-05	16	24	15	20	0	0
2026-08-05	17	17	12	13	0	0
2026-08-05	18	10	9	10	0	0
2026-08-05	19	10	8	7	0	0
2026-08-05	20	10	9	9	0	0
2026-08-05	21	13	9	9	0	0
2026-08-05	22	13	11	8	0	0
2026-08-05	23	7	6	6	0	0
2026-08-06	0	16	10	9	0	0
2026-08-06	1	13	5	5	1	5
2026-08-06	2	7	6	7	0	0
2026-08-06	3	38	22	20	1	12
2026-08-06	4	30	25	20	0	0
2026-08-06	5	31	24	24	0	0
2026-08-06	6	41	24	29	0	0
2026-08-06	7	32	21	26	0	0
2026-08-06	8	26	19	24	0	0
2026-08-06	9	34	20	19	1	9
2026-08-06	10	20	15	16	0	0
2026-08-06	11	17	12	14	0	0
2026-08-06	12	14	10	13	0	0
2026-08-06	13	23	16	18	0	0
2026-08-06	14	13	10	11	0	0
2026-08-06	15	30	17	17	1	5
2026-08-06	16	29	21	24	0	0
2026-08-06	17	14	9	10	0	0
2026-08-06	18	13	13	12	0	0
2026-08-06	19	11	11	10	0	0
2026-08-06	20	15	10	10	1	5
2026-08-06	21	10	6	8	0	0
2026-08-06	22	13	8	10	0	0
2026-08-06	23	17	6	7	1	9
2026-08-07	0	10	8	8	0	0
2026-08-07	1	11	9	7	0	0
2026-08-07	2	25	12	7	0	0
2026-08-07	3	15	13	14	0	0
2026-08-07	4	50	21	20	1	21
2026-08-07	5	34	26	29	0	0
2026-08-07	6	29	27	25	0	0
2026-08-07	7	49	31	37	0	0
2026-08-07	8	43	32	26	0	0
2026-08-07	9	26	18	20	0	0
2026-08-07	10	30	18	20	1	5
2026-08-07	11	19	12	15	0	0
2026-08-07	12	21	16	15	0	0
2026-08-07	13	17	12	15	0	0
2026-08-07	14	17	11	10	0	0
2026-08-07	15	11	6	7	0	0
2026-08-07	16	22	11	15	0	0
2026-08-07	17	20	13	13	1	7
2026-08-07	18	15	12	12	0	0
2026-08-07	19	7	7	7	0	0
2026-08-07	20	8	5	7	0	0
2026-08-07	21	8	7	6	0	0
2026-08-07	22	11	6	8	0	0
2026-08-07	23	13	7	7	1	5
2026-08-08	0	10	5	7	0	0
2026-08-08	1	27	11	12	1	5
2026-08-08	2	17	12	10	0	0
2026-08-08	3	13	10	11	0	0
2026-08-08	4	20	13	15	0	0
2026-08-08	5	46	34	33	0	0
2026-08-08	6	76	43	52	1	7
2026-08-08	7	52	28	40	0	0
2026-08-08	8	46	23	29	1	11
2026-08-08	9	30	22	22	0	0
2026-08-08	10	46	19	20	1	17
2026-08-08	11	36	14	18	1	19
2026-08-08	12	24	13	15	0	0
2026-08-08	13	12	9	9	0	0
2026-08-08	14	16	11	11	0	0
2026-08-08	15	14	11	12	0	0
2026-08-08	16	20	15	18	0	0
2026-08-08	17	13	10	10	0	0
2026-08-08	18	11	6	9	0	0
2026-08-08	19	13	5	8	0	0
2026-08-08	20	7	6	5	0	0
2026-08-08	21	13	12	6	0	0
2026-08-08	22	8	6	6	0	0
2026-08-08	23	6	5	4	0	0
2026-08-09	0	11	9	9	0	0
2026-08-09	1	9	6	4	0	0
2026-08-09	2	10	10	9	0	0
2026-08-09	3	9	8	9	0	0
2026-08-09	4	22	18	18	0	0
2026-08-09	5	47	28	29	1	15
2026-08-09	6	53	26	32	1	7
2026-08-09	7	27	17	19	0	0
2026-08-09	8	34	23	25	0	0
2026-08-09	9	25	20	20	0	0
2026-08-09	10	28	17	20	0	0
2026-08-09	11	23	16	15	0	0
2026-08-09	12	21	16	19	0	0
2026-08-09	13	20	13	14	0	0
2026-08-09	14	9	8	8	0	0
2026-08-09	15	16	12	14	0	0
2026-08-09	16	35	25	20	0	0
2026-08-09	17	22	15	15	0	0
2026-08-09	18	7	7	7	0	0
2026-08-09	19	24	13	15	0	0
2026-08-09	20	10	8	7	0	0
2026-08-09	21	13	11	7	0	0
2026-08-09	22	13	9	9	0	0
2026-08-09	23	7	5	4	0	0
2026-08-10	0	13	7	7	0	0
2026-08-10	1	53	13	12	3	29
2026-08-10	2	35	11	14	3	24
2026-08-10	3	36	17	16	2	11
2026-08-10	4	24	18	17	0	0
2026-08-10	5	41	29	34	0	0
2026-08-10	6	50	31	29	1	6
2026-08-10	7	68	39	36	2	10
2026-08-10	8	52	24	26	1	5
2026-08-10	9	40	27	28	0	0
2026-08-10	10	20	17	14	0	0
2026-08-10	11	14	11	10	0	0
2026-08-10	12	27	19	18	0	0
2026-08-10	13	18	12	16	0	0
2026-08-10	14	19	15	14	0	0
2026-08-10	15	23	14	17	0	0
2026-08-10	16	17	11	14	0	0
2026-08-10	17	20	15	15	0	0
2026-08-10	18	14	11	13	0	0
2026-08-10	19	24	14	14	1	6
2026-08-10	20	15	13	14	0	0
2026-08-10	21	19	17	14	0	0
2026-08-10	22	12	12	9	0	0
2026-08-10	23	11	8	6	0	0
2026-08-11	0	10	9	6	0	0
2026-08-11	1	12	8	8	0	0
2026-08-11	2	13	11	9	0	0
2026-08-11	3	7	6	7	0	0
2026-08-11	4	26	22	19	0	0
2026-08-11	5	52	25	29	1	9
2026-08-11	6	55	25	31	1	10
2026-08-11	7	49	38	37	0	0
2026-08-11	8	46	26	37	0	0
2026-08-11	9	25	18	18	0	0
2026-08-11	10	22	16	14	0	0
2026-08-11	11	19	15	14	0	0
2026-08-11	12	11	8	7	0	0
2026-08-11	13	11	7	7	0	0
2026-08-11	14	26	17	18	0	0
2026-08-11	15	6	5	6	0	0
2026-08-11	16	17	11	13	0	0
2026-08-11	17	23	17	20	0	0
2026-08-11	18	14	7	7	0	0
2026-08-11	19	13	7	10	0	0
2026-08-11	20	9	9	8	0	0
2026-08-11	21	8	7	7	0	0
2026-08-11	22	28	13	14	1	5
2026-08-11	23	13	10	9	0	0
2026-08-12	0	10	8	9	0	0
2026-08-12	1	6	6	5	0	0
2026-08-12	2	10	6	6	0	0
2026-08-12	3	14	6	6	1	6
2026-08-12	4	43	15	23	2	14
2026-08-12	5	63	37	47	0	0
2026-08-12	6	54	33	32	1	5
2026-08-12	7	48	30	35	0	0
2026-08-12	8	42	26	31	0	0
2026-08-12	9	40	27	31	0	0
2026-08-12	10	29	21	24	0	0
2026-08-12	11	25	13	12	1	6
2026-08-12	12	16	11	12	0	0
2026-08-12	13	24	15	15	1	5
2026-08-12	14	10	7	8	0	0
2026-08-12	15	17	9	13	0	0
2026-08-12	16	26	19	21	0	0
2026-08-12	17	26	16	18	0	0
2026-08-12	18	24	19	17	0	0
2026-08-12	19	15	9	10	1	5
2026-08-12	20	5	5	5	0	0
2026-08-12	21	9	7	9	0	0
2026-08-12	22	7	6	6	0	0
2026-08-12	23	7	4	4	0	0
2026-08-13	0	12	9	10	0	0
2026-08-13	1	7	5	5	0	0
2026-08-13	2	29	14	11	1	12
2026-08-13	3	12	7	10	0	0
2026-08-13	4	23	17	15	0	0
2026-08-13	5	57	34	39	1	5
2026-08-13	6	77	38	49	2	13
2026-08-13	7	49	25	34	0	0
2026-08-13	8	37	19	26	1	6
2026-08-13	9	23	18	20	0	0
2026-08-13	10	28	18	24	0	0
2026-08-13	11	23	16	15	0	0
2026-08-13	12	26	13	14	0	0
2026-08-13	13	16	13	13	0	0
2026-08-13	14	20	13	15	0	0
2026-08-13	15	12	10	11	0	0
2026-08-13	16	24	22	19	0	0
2026-08-13	17	18	15	13	0	0
2026-08-13	18	13	10	10	0	0
2026-08-13	19	12	10	10	0	0
2026-08-13	20	6	5	5	0	0
2026-08-13	21	6	5	6	0	0
2026-08-13	22	10	6	6	0	0
2026-08-13	23	8	8	7	0	0
2026-08-14	0	27	12	16	0	0
2026-08-14	1	9	8	7	0	0
2026-08-14	2	14	9	12	0	0
2026-08-14	3	38	11	12	2	22
2026-08-14	4	27	16	18	0	0
2026-08-14	5	43	27	32	0	0
2026-08-14	6	46	30	37	0	0
2026-08-14	7	33	27	29	0	0
2026-08-14	8	39	24	30	0	0
2026-08-14	9	20	16	18	0	0
2026-08-14	10	29	18	22	0	0
2026-08-14	11	30	20	23	0	0
2026-08-14	12	16	13	13	0	0
2026-08-14	13	12	8	9	0	0
2026-08-14	14	18	11	13	0	0
2026-08-14	15	13	11	11	0	0
2026-08-14	16	20	19	19	0	0
2026-08-14	17	16	12	13	0	0
2026-08-14	18	23	17	14	0	0
2026-08-14	19	20	12	13	0	0
2026-08-14	20	17	12	14	0	0
2026-08-14	21	19	11	9	1	5
2026-08-14	22	23	10	12	1	5
2026-08-14	23	51	9	8	2	41
2026-08-15	0	37	11	12	1	20
2026-08-15	1	14	9	8	1	5
2026-08-15	2	14	8	8	0	0
2026-08-15	3	8	8	8	0	0
2026-08-15	4	25	16	17	1	5
2026-08-15	5	83	33	39	1	21
2026-08-15	6	38	27	30	1	7
2026-08-15	7	50	29	41	0	0
2026-08-15	8	38	26	30	0	0
2026-08-15	9	32	19	20	1	7
2026-08-15	10	34	21	27	1	5
2026-08-15	11	25	17	22	0	0
2026-08-15	12	20	14	14	0	0
2026-08-15	13	14	10	10	0	0
2026-08-15	14	40	22	22	2	11
2026-08-15	15	14	9	9	0	0
2026-08-15	16	19	16	18	0	0
2026-08-15	17	25	17	12	1	5
2026-08-15	18	14	11	11	0	0
2026-08-15	19	12	12	10	0	0
2026-08-15	20	11	7	7	0	0
2026-08-15	21	11	9	7	0	0
2026-08-15	22	11	5	8	0	0
2026-08-15	23	5	4	4	0	0
2026-08-16	0	6	4	4	0	0
2026-08-16	1	6	4	4	0	0
2026-08-16	2	10	9	8	0	0
2026-08-16	3	7	7	6	0	0
2026-08-16	4	21	15	14	0	0
2026-08-16	5	49	30	38	0	0
2026-08-16	6	38	29	33	0	0
2026-08-16	7	41	27	31	0	0
2026-08-16	8	39	26	26	0	0
2026-08-16	9	33	17	18	1	10
2026-08-16	10	29	19	18	0	0
2026-08-16	11	28	18	22	0	0
2026-08-16	12	29	21	24	0	0
2026-08-16	13	22	12	13	0	0
2026-08-16	14	17	8	8	1	6
2026-08-16	15	30	15	15	1	5
2026-08-16	16	25	19	21	0	0
2026-08-16	17	17	11	11	0	0
2026-08-16	18	9	6	8	0	0
2026-08-16	19	23	14	16	0	0
2026-08-16	20	7	6	7	0	0
2026-08-16	21	15	12	10	0	0
2026-08-16	22	7	5	5	0	0
2026-08-16	23	10	9	7	0	0
2026-08-17	0	21	17	12	0	0
2026-08-17	1	11	7	6	0	0
2026-08-17	2	9	6	6	0	0
2026-08-17	3	17	10	11	0	0
2026-08-17	4	36	18	18	0	0
2026-08-17	5	44	25	27	0	0
2026-08-17	6	56	29	34	1	5
2026-08-17	7	31	19	29	0	0
2026-08-17	8	32	31	27	0	0
2026-08-17	9	25	20	21	0	0
2026-08-17	10	22	15	19	0	0
2026-08-17	11	22	13	12	0	0
2026-08-17	12	17	16	14	0	0
2026-08-17	13	15	12	11	0	0
2026-08-17	14	14	12	12	0	0
2026-08-17	15	17	13	12	0	0
2026-08-17	16	19	13	15	0	0
2026-08-17	17	34	21	22	1	6
2026-08-17	18	15	13	14	0	0
2026-08-17	19	8	7	7	0	0
2026-08-17	20	14	10	10	0	0
2026-08-17	21	5	5	4	0	0
2026-08-17	22	10	9	8	0	0
2026-08-17	23	7	6	4	0	0
2026-08-18	0	6	4	4	0	0
2026-08-18	1	13	10	11	0	0
2026-08-18	2	11	8	9	0	0
2026-08-18	3	16	14	14	0	0
2026-08-18	4	40	23	23	1	5
2026-08-18	5	42	29	34	0	0
2026-08-18	6	49	26	37	0	0
2026-08-18	7	45	24	35	0	0
2026-08-18	8	50	33	38	0	0
2026-08-18	9	30	22	25	0	0
2026-08-18	10	24	18	23	0	0
2026-08-18	11	26	19	21	0	0
2026-08-18	12	9	8	8	0	0
2026-08-18	13	16	13	12	0	0
2026-08-18	14	15	14	13	0	0
2026-08-18	15	3	3	3	0	0
2026-08-18	16	22	16	18	0	0
2026-08-18	17	20	16	16	0	0
2026-08-18	18	20	16	16	0	0
2026-08-18	19	22	17	12	0	0
2026-08-18	20	6	4	4	0	0
2026-08-18	21	13	9	11	0	0
2026-08-18	22	13	11	9	0	0
2026-08-18	23	9	6	6	0	0
2026-08-19	0	12	9	6	0	0
2026-08-19	1	29	20	20	0	0
2026-08-19	2	6	6	6	0	0
2026-08-19	3	15	11	11	0	0
2026-08-19	4	23	19	19	0	0
2026-08-19	5	59	32	37	0	0
2026-08-19	6	35	20	27	0	0
2026-08-19	7	44	31	36	0	0
2026-08-19	8	36	17	25	0	0
2026-08-19	9	35	22	22	0	0
2026-08-19	10	28	18	22	0	0
2026-08-19	11	15	13	14	0	0
2026-08-19	12	12	7	8	0	0
2026-08-19	13	13	13	12	0	0
2026-08-19	14	25	12	18	0	0
2026-08-19	15	23	18	16	0	0
2026-08-19	16	18	13	12	0	0
2026-08-19	17	13	9	8	0	0
2026-08-19	18	16	13	11	0	0
2026-08-19	19	10	9	9	0	0
2026-08-19	20	11	9	9	0	0
2026-08-19	21	10	7	7	0	0
2026-08-19	22	6	6	5	0	0
2026-08-19	23	11	8	8	0	0
2026-08-20	0	15	9	9	0	0
2026-08-20	1	11	9	5	0	0
2026-08-20	2	18	10	12	0	0
2026-08-20	3	18	12	13	0	0
2026-08-20	4	19	13	15	0	0
2026-08-20	5	54	28	36	1	5
2026-08-20	6	50	28	30	2	11
2026-08-20	7	38	25	27	1	7
2026-08-20	8	44	22	32	0	0
2026-08-20	9	32	17	20	0	0
2026-08-20	10	25	20	16	0	0
2026-08-20	11	10	9	9	0	0
2026-08-20	12	20	11	11	0	0
2026-08-20	13	21	15	14	0	0
2026-08-20	14	17	10	15	0	0
2026-08-20	15	24	16	21	0	0
2026-08-20	16	22	17	16	0	0
2026-08-20	17	21	11	14	0	0
2026-08-20	18	23	17	14	0	0
2026-08-20	19	17	10	12	0	0
2026-08-20	20	6	6	5	0	0
2026-08-20	21	8	6	7	0	0
2026-08-20	22	13	11	7	0	0
2026-08-20	23	8	8	4	0	0
2026-08-21	0	7	5	7	0	0
2026-08-21	1	8	6	6	0	0
2026-08-21	2	21	17	12	0	0
2026-08-21	3	39	13	11	3	23
2026-08-21	4	19	15	17	0	0
2026-08-21	5	46	27	37	0	0
2026-08-21	6	32	21	25	0	0
2026-08-21	7	43	25	27	0	0
2026-08-21	8	38	24	27	0	0
2026-08-21	9	34	25	28	0	0
2026-08-21	10	27	20	19	0	0
2026-08-21	11	24	14	10	1	7
2026-08-21	12	26	17	20	0	0
2026-08-21	13	13	10	9	0	0
2026-08-21	14	21	13	15	0	0
2026-08-21	15	16	12	14	0	0
2026-08-21	16	20	11	13	0	0
2026-08-21	17	16	14	13	0	0
2026-08-21	18	17	12	15	0	0
2026-08-21	19	14	10	10	0	0
2026-08-21	20	19	11	10	0	0
2026-08-21	21	18	6	10	1	8
2026-08-21	22	9	8	7	0	0
2026-08-21	23	14	11	10	0	0
