term,dimension
her,recipient
him,recipient
mother,recipient
father,recipient
parent,recipient
sister,recipient
brother,recipient
sibling,recipient
husband,recipient
wife,recipient
spouse,recipient
boyfriend,recipient
girlfriend,recipient
sweetheart,recipient
couple,recipient
son,recipient
daughter,recipient
child,recipient
kid,recipient
baby,recipient
teen,recipient
grandparent,recipient
grandmother,recipient
grandfather,recipient
mother_in_law,recipient
father_in_law,recipient
aunt,recipient
uncle,recipient
cousin,recipient
relatives,recipient
family,recipient
loved_ones,recipient
friend,recipient
boss,recipient
colleague,recipient
customer,recipient
employee,recipient
teacher,recipient
student,recipient
nurse,recipient
doctor,recipient
dentist,recipient
clergy,recipient
secretary,recipient
military,recipient
veteran,recipient
senior,recipient
women,recipient
men,recipient
pet,recipient
cat,recipient
dog,recipient
funny,tone
cute,tone
romantic,tone
religious,tone
blessings,tone
inspirational,tone
flowers,tone
roses,tone
hugs,tone
kisses,tone
songs,tone
poems,tone
quotes,tone
zodiac,tone
milestone,tone
balloons,tone
gifts,tone
images,tone
angels,tone
teddy,tone
smile,tone
formal,tone
business,tone
caring,tone
spanish,language
french,language
german,language
russian,language
mandarin,language
chinese,language
hindi,language
italian,language
english,language
january,month
february,month
march,month
april,month
may,month
june,month
july,month
august,month
september,month
october,month
november,month
december,month
