key,name,terms
australiaday,Australia Day,australia_day
chinese,Chinese New Year,chinese_new_year new_year
chococakeday,Chocolate Cake Day,chocolate_cake_day chocolate
complimentday,Compliment Day,compliment_day
dreamstrueday,Make Your Dreams Come True Day,dreams
epiphanyday,Epiphany,epiphany
flowerofthemonth,Flower of the Month,flowers
flowerofmonth,Flower of the Month,flowers
flwrbaskday,Flower Basket Day,flowers
funat,Fun at Work Day,funny work
imbolc,Imbolc,imbolc
indrepublicday,Republic Day (India),republic_day india
japannewyear,Japanese New Year,japanese_new_year new_year
koreannew,Korean New Year,korean_new_year new_year
lohri,Lohri,lohri
makarsankranti,Makar Sankranti,makar_sankranti
martinlutherday,Martin Luther King Jr. Day,martin_luther_king_day
ny,New Year,new_year
orthodoxchristmas,Orthodox Christmas,orthodox_christmas christmas
orthodoxnew,Orthodox New Year,new_year
pengawareday,Penguin Awareness Day,penguin
pongal,Pongal,pongal
seasonsgreetings,Season's Greetings,seasons_greetings holidays
sendahugday,Send a Hug Day,hugs
specials,Specials,
thankyoucards,Thank You Card Day,thank_you
tubishvat,Tu BiShvat,tu_bishvat
vietnamesenew,Vietnamese New Year,tet new_year
whisperloveday,Whisper I Love You Day,i_love_you love
banbreadday,Banana Bread Day,banana_bread_day
blackhistory,Black History Month,black_history_month
candlemas,Candlemas,candlemas
creativeromance,Creative Romance Day,romantic love
cuddleday,Cuddle Day,hugs romantic
flwrmonth,Flower Month,flowers
friendshipmonth,Friendship Month,friendship friend
friendweek,Friendship Week,friendship friend
groundhogday,Groundhog Day,groundhog_day
hearttoheart,Heart to Heart Day,love
hugdayfeb,Hug Day,hug_day hugs valentine
ivaluefrndday,I Value Friendship Day,friendship friend
leapday,Leap Day,leap_day
lent,Lent,lent
lincolnsbirthday,Lincoln's Birthday,lincolns_birthday
mahashivaratri,Maha Shivaratri,shivaratri
mardigras,Mardi Gras,mardi_gras
marriageday,Marriage Day,marriage_day wedding spouse
monthlove,Month of Love,love
presidentsday,Presidents' Day,presidents_day
promiseday,Promise Day,promise_day valentine romantic
proposeday,Propose Day,propose_day proposal valentine romantic
roseday,Rose Day,rose_day valentine roses
sendcardfriendday,Send a Card to a Friend Day,friendship friend
singlesawareness,Singles Awareness Day,singles
supersunday,Super Bowl Sunday,super_bowl
valen,Valentine's Day,valentine
vasantpanchami,Vasant Panchami,vasant_panchami
bahainew,Naw-Ruz,nowruz new_year
chococheesecakeday,Chocolate Cheesecake Day,chocolate cheesecake
cuddlykittenday,Cuddly Kitten Day,cat
dentistsday,Dentist's Day,dentist
doctorsday,Doctors' Day,doctors_day doctor
eiduladha,Eid al-Adha,eid_al_adha eid
employeeappreciation,Employee Appreciation Day,employee_appreciation_day employee colleague
gmarvalentineday,Valentine's Day,valentine
gudipadwa,Gudi Padwa,gudi_padwa new_year
himom,Hi Mom Day,mother
holi,Holi,holi
letslaughday,Let's Laugh Day,funny
mothersdayuk,Mother's Day (UK),mothers_day mother
nationalwomens,Women's History Month,women
nauroze,Nowruz,nowruz new_year
palmsunday,Palm Sunday,palm_sunday easter
patrick,St. Patrick's Day,st_patricks_day
pi,Pi Day,pi_day
purim,Purim,purim
ramnavami,Ram Navami,ram_navami
sharesmile,Share a Smile Day,smile
singleparents,Single Parents Day,parent
spring,Spring,spring
springequinox,Spring Equinox,spring
stdavids,St. David's Day,st_davids_day
stjosephs,St. Joseph's Day,st_josephs_day
sturhos,St. Urho's Day,st_urhos_day
ugadi,Ugadi,ugadi new_year
womensday,Women's Day,womens_day women
adminprofday,Administrative Professionals Day,admin_professionals_day secretary colleague
adminprofessionalsweek,Administrative Professionals Week,admin_professionals_day secretary colleague
aprilfoolsday,April Fools' Day,april_fools funny
arborday,Arbor Day,arbor_day
baisakhi,Baisakhi,baisakhi new_year
bengalinewyear,Bengali New Year,bengali_new_year new_year
earthday,Earth Day,earth_day
easter,Easter,easter
goodfriday,Good Friday,good_friday easter
greatloversday,Great Lovers Day,love romantic
hanumanjayanti,Hanuman Jayanti,hanuman_jayanti
humormonth,Humor Month,funny
laughweek,Laugh Week,funny
mahavirjayanti,Mahavir Jayanti,mahavir_jayanti
malaynewyear,Malay New Year,new_year
orthodoxeaster,Orthodox Easter,orthodox_easter easter
passover,Passover,passover
petday,Pet Day,pet
saintgeorges,St. George's Day,st_georges_day
tamilnewyear,Tamil New Year,tamil_new_year new_year
thainewyear,Thai New Year,songkran new_year
armedforces,Armed Forces Day,armed_forces_day military
brothersday,Brothers Day,brothers_day brother sibling
cincodemayo,Cinco de Mayo,cinco_de_mayo
graduation,Graduation,graduation student
hugurcatday,Hug Your Cat Day,cat hugs
mawlidalnabi,Mawlid al-Nabi,mawlid
mayday,May Day,may_day
memorial,Memorial Day,memorial_day military
militaryspouse,Military Spouse Day,military spouse
mothersday,Mother's Day,mothers_day mother
nursesday,Nurses Day,nurses_day nurse
nursesweek,Nurses Week,nurses_day nurse
onromancewk,Romance Week,romantic love
pentecost,Pentecost,pentecost
teachersday,Teachers' Day,teachers_day teacher
victoriaday,Victoria Day,victoria_day
whitmonday,Whit Monday,pentecost
bestfriendsday,Best Friends Day,best_friends friend friendship
dragonboat,Dragon Boat Festival,dragon_boat_festival
father,Father's Day,fathers_day father
fathersday,Father's Day,fathers_day father
friendinneed,Friend in Need Day,friend friendship
friendshipfestival,Friendship Festival,friendship friend
hugholiday,Hug Holiday,hugs
hugholidays,Hug Holidays,hugs
internationalchildrens,Children's Day,childrens_day child kid
internationalyoga,Yoga Day,yoga
juneteenth,Juneteenth,juneteenth
lgbtpride,Pride Month,pride
nationalchildrens,Children's Day,childrens_day child kid
professloveday,Profess Your Love Day,love romantic i_love_you
redrosefest,Red Rose Festival,roses
rosemonth,Rose Month,roses flowers
saintbaptiste,St. Jean-Baptiste Day,st_jean_baptiste_day
shavuot,Shavuot,shavuot
sneakakissday,Sneak a Kiss Day,kisses romantic
summer,Summer,summer
usflagday,Flag Day,flag_day
auntsand,Aunts and Uncles Day,aunt uncle relatives
bastilleday,Bastille Day,bastille_day
brosisday,Brother and Sister Day,brother sister sibling
canadaday,Canada Day,canada_day
cheeruplonelyday,Cheer Up the Lonely Day,cheer_up
fatherin,Father-in-Law Day,father_in_law father
flwrmonthjuly,Flower Month,flowers
fourthjuly,Fourth of July,fourth_of_july independence_day
friendfestmissouri,Friendship Festival,friendship friend
hugweek,Hug Week,hugs
iforgotday,I Forgot Day,belated
internationaljoke,Joke Day,funny
kissingday,Kissing Day,kisses romantic
nationalcousins,Cousins Day,cousin relatives
parentsday,Parents' Day,parents_day parent mother father
summerleisure,Summer Leisure Day,summer
teddybear,Teddy Bear Day,teddy cute
cardssister,Sisters Day,sisters_day sister sibling
flwrmonthaug,Flower Month,flowers
friendshipday,Friendship Day,friendship_day friendship friend
friendshipweek,Friendship Week,friendship friend
girlfriendsday,Girlfriends Day,friend women
hugmonth,Hug Month,hugs
hugsweetheartday,Hug Your Sweetheart Day,sweetheart hugs romantic
indindependenceday,Independence Day (India),independence_day india
internationalcat,International Cat Day,cat pet
jokeday,Joke Day,funny
justbecauseday,Just Because Day,just_because
kissandmakeup,Kiss and Make Up Day,sorry kisses
nationaldog,National Dog Day,dog pet
onam,Onam,onam
rakshabandhan,Raksha Bandhan,raksha_bandhan brother sister sibling
romanceday,Romance Day,romantic love
romawaremonth,Romance Awareness Month,romantic love
seniorcitizen,Senior Citizens Day,senior grandparent
smilemonth,Smile Month,smile
sonand,Son and Daughter Day,son daughter child
thankyouday,Thank You Day,thank_you
womensequality,Women's Equality Day,women
zorastriannewyear,Parsi New Year,parsi_new_year new_year
allangelsday,All Angels Day,angels
angelweek,Angel Week,angels
canadianlabor,Labour Day (Canada),labor_day
durgapuja,Durga Puja,durga_puja
fall,Fall,autumn
firstlove,First Love Day,love romantic
flwrweek,Flower Week,flowers
ganeshchaturthi,Ganesh Chaturthi,ganesh_chaturthi
grandparents,Grandparents Day,grandparents_day grandparent grandmother grandfather
harvestmoonfest,Harvest Moon Festival,mid_autumn_festival
inremembrancesep,September 11 Remembrance,remembrance
internationaldaughters,Daughters Day,daughters_day daughter child
janmashtami,Janmashtami,janmashtami
laborday,Labor Day,labor_day
longestkissday,Longest Kiss Day,kisses romantic
lovenote,Love Note Day,love
nationalthank,Thank You Day,thank_you
navratri,Navratri,navratri
posthinkingday,Positive Thinking Day,inspirational
roshhashanah,Rosh Hashanah,rosh_hashanah jewish_new_year new_year
shminiatzeret,Shemini Atzeret,shemini_atzeret
stepfamilyday,Stepfamily Day,family
teachersdayindia,Teachers' Day (India),teachers_day teacher
teddybearday,Teddy Bear Day,teddy cute
trueloveforeverday,True Love Forever Day,love romantic
wifeappreciation,Wife Appreciation Day,wife spouse
womenfriendday,Women's Friendship Day,friend women
workingparents,Working Parents Day,parent
bhaiyadooj,Bhai Dooj,bhai_dooj brother sister sibling
boss,Boss's Day,bosses_day boss
canadianthanksgiving,Thanksgiving (Canada),thanksgiving
clergyappreciation,Clergy Appreciation Day,clergy
columbusday,Columbus Day,columbus_day
diwali,Diwali,diwali
dussehra,Dussehra,dussehra
gandhijayanti,Gandhi Jayanti,gandhi_jayanti
guardianangels,Guardian Angels Day,angels
hallo,Halloween,halloween
karvachauth,Karva Chauth,karva_chauth husband spouse
motherin,Mother-in-Law Day,mother_in_law mother
myparty,Party,invitation
nationalcat,National Cat Day,cat pet
nationaliloveyou,I Love You Day,i_love_you love
smileday,Smile Day,smile
sndsmileday,Send a Smile Day,smile
sukkot,Sukkot,sukkot
sweetday,Sweetest Day,sweetest_day sweetheart romantic
yomkippur,Yom Kippur,yom_kippur
yougogirlday,You Go Girl Day,women friend
adventday,Advent,advent christmas
allsaintsday,All Saints' Day,all_saints_day
blackfriday,Black Friday,black_friday
dayof_the_dead,Day of the Dead,day_of_the_dead
dayof,Day of the Dead,day_of_the_dead
electionday,Election Day,election_day
forgetmenotday,Forget-Me-Not Day,forget_me_not_day
gurunanaksbirthday,Guru Nanak Jayanti,guru_nanak_jayanti
guyfawkes,Guy Fawkes Night,guy_fawkes
hariraya,Hari Raya,hari_raya eid
hugandbearday,Hug and Bear Day,hugs teddy
internationalmens,International Men's Day,mens_day men
nationaladoption,Adoption Day,adoption
nativeamerican,Native American Heritage,native_american
remembranceday,Remembrance Day,remembrance
samhain,Samhain,samhain halloween
singlesday,Singles Day,singles
standrews,St. Andrew's Day,st_andrews_day
thanks,Thanksgiving,thanksgiving
universalchildrens,Universal Children's Day,childrens_day child kid
usmarine,Marine Corps Birthday,military
veteransday,Veterans Day,veterans_day veteran military
worldhelloday,World Hello Day,hello
worldkindday,World Kindness Day,kindness
boxingday,Boxing Day,boxing_day
c,Christmas,christmas
carolday,Christmas Carol Day,christmas carols
christcardday,Christmas Card Day,christmas
christreeday,Christmas Tree Day,christmas
christworldday,Christmas Around the World,christmas
eidulfitr,Eid al-Fitr,eid_al_fitr eid
feastof,Feast of the Immaculate Conception,immaculate_conception
guadalupeday,Our Lady of Guadalupe Day,guadalupe
hanukkah,Hanukkah,hanukkah
happyholidays,Happy Holidays,holidays
holthanx,Holiday Thanks,holidays thank_you
inthugday,International Hug Day,hugs
kwanzaa,Kwanzaa,kwanzaa
newyeareve,New Year's Eve,new_years_eve new_year
pearlharbor,Pearl Harbor Remembrance Day,remembrance
ramadan,Ramadan,ramadan
stnicoday,St. Nicholas Day,st_nicholas_day santa christmas
uaenational,UAE National Day,uae_national_day
winter,Winter,winter
winterflowersday,Winter Flowers Day,flowers winter
worldaids,World AIDS Day,world_aids_day
yalda,Yalda Night,yalda
yule,Yule,yule christmas
anniversary,Anniversary,anniversary
ascensionday,Ascension Day,ascension_day
ashwednesday,Ash Wednesday,ash_wednesday lent
birthday,Birthday,birthday
easterday,Easter,easter
independenceday,Independence Day,independence_day
internationalwomens_day,Women's Day,womens_day women
love,Love,love
mothersday,Mother's Day,mothers_day mother
pets,Pets,pet
thankyou,Thank You,thank_you
valentinesday,Valentine's Day,valentine
feiertagszeit,Holiday Season,holidays christmas
halloween,Halloween,halloween
heiligedrei_konige,Epiphany,epiphany
shrovetuesday,Shrove Tuesday,shrove_tuesday mardi_gras
valentinstag,Valentine's Day,valentine
neuesjahr,New Year,new_year
indian,Indian Greetings,india
gantantradiwas,Republic Day (India),republic_day india
navvarsh,New Year,new_year
arborday_of_republic_of_china,Arbor Day,arbor_day
chinesemoon_festival,Mid-Autumn Festival,mid_autumn_festival
doubleseventh_festival,Qixi Festival,qixi valentine
dragonboat_festival,Dragon Boat Festival,dragon_boat_festival
gongxi_fa_cai,Chinese New Year,chinese_new_year new_year
jiarikuaile,Happy Holidays,holidays
jiejiariwenhou,Holiday Greetings,holidays
lanternfestival,Lantern Festival,lantern_festival
qingming_jie,Qingming Festival,qingming
springfestival_golden_week_holiday,Spring Festival,chinese_new_year new_year
densvyatogo_valentina,Valentine's Day,valentine
happyholidays,Happy Holidays,holidays
laborday,Labor Day,labor_day
nameday,Name Day,name_day
newyear,New Year,new_year
orthodoxeaster_day,Orthodox Easter,orthodox_easter easter
pravoslavnoyerozhdestvo,Orthodox Christmas,orthodox_christmas christmas
russiaday,Russia Day,russia_day
victoryday,Victory Day,victory_day
zashchitnikotechestva,Defender of the Fatherland Day,defender_of_the_fatherland_day men
anonuevo,New Year,new_year
childrensday,Children's Day,childrens_day child kid
cincode_mayo,Cinco de Mayo,cinco_de_mayo
diade_la_bandera,Flag Day,flag_day
diade_la_candelaria,Candlemas,candlemas
diadel_amor_y_la_amistad,Day of Love and Friendship,valentine friendship
epifaniadel_senor,Epiphany,epiphany
felicesfiestas,Happy Holidays,holidays christmas
friendshipday,Friendship Day,friendship_day friendship friend
lasposadas,Las Posadas,las_posadas christmas
saintjames_day,St. James Day,st_james_day
secretariesday,Secretaries Day,admin_professionals_day secretary colleague
teachersday,Teachers' Day,teachers_day teacher
womensday,Women's Day,womens_day women
beanangelday,Be an Angel Day,angels kindness
bubblebathday,Bubble Bath Day,bubble_bath_day
youare,You're Welcome Day,youre_welcome
