prefix,group,terms
anniv,Anniversary,anniversary
birth,Birthday,birthday
bus,Business,business
congrats,Congratulations,congratulations
cute,Cute,cute
fkt,Family,family
flwr,Flowers,flowers
friend,Friendship,friendship friend
gen,Everyday,
insp,Inspirational,inspirational
intouch,Keep in touch,keep_in_touch
invp,Invitations,invitation
love,Love,love
miscellaneous,Miscellaneous,
pet,Pets,pet
thank,Thank you,thank_you
w,World languages,
wed,Wedding,wedding
ejan,Events in January,january
efeb,Events in February,february
emar,Events in March,march
eapr,Events in April,april
emay,Events in May,may
ejun,Events in June,june
ejul,Events in July,july
eaug,Events in August,august
esep,Events in September,september
eoct,Events in October,october
enov,Events in November,november
edec,Events in December,december
